{"cameraMode":{"drawMode":0,"name":"Shaded","section":"Shading Mode"},"sceneLighting":true,"audioPlay":false,"sceneViewState":{"showFog":true,"showMaterialUpdate":false,"showSkybox":true,"showFlares":true,"showImageEffects":true,"showParticleSystems":true,"showVisualEffectGraphs":true,"m_FxEnabled":true},"in2DMode":false,"pivot":{"x":4.593512058258057,"y":-89.68606567382813,"z":159.87432861328126},"rotation":{"x":0.2563784718513489,"y":0.008618330582976342,"z":0.0002421270910417661,"w":0.9665314555168152},"size":140.8036651611328,"orthographic":false}